[
  {
    "czas": "2025-07-07 20:17",
    "uzytkownik": "cz\u0119\u015b\u0107 jestem przem\u0119czony",
    "asystent": "Cze\u015b\u0107. Rozumiem, \u017ce czujesz si\u0119 przem\u0119czony. Wa\u017cne jest, aby zadba\u0107 o siebie, zw\u0142aszcza gdy czujesz, \u017ce jeste\u015b wyczerpany. Czy ostatnio pracowa\u0142e\u015b zbyt wiele lub za d\u0142ugo? Dobrze by\u0142oby znale\u017a\u0107 chwil\u0119 na odpoczynek i zrelaksowanie si\u0119. Pami\u0119taj, \u017ce dbanie o siebie jest kluczowe dla zachowania r\u00f3wnowagi emocjonalnej i fizycznej. Czy mog\u0119 pom\u00f3c Ci w jakikolwiek spos\u00f3b, \u017ceby\u015b m\u00f3g\u0142 lepiej zadba\u0107 o swoje samopoczucie?"
  },
  {
    "czas": "2025-07-09 21:53",
    "uzytkownik": "teraz chyba jest dobrze",
    "asystent": "Ciesz\u0119 si\u0119, \u017ce czujesz si\u0119 lepiej teraz. Pami\u0119taj, \u017ce zmiany nastroju s\u0105 naturalne i wa\u017cne jest, aby\u015bmy umieli radzi\u0107 sobie z r\u00f3\u017cnymi emocjami. Je\u015bli kiedykolwiek znowu poczujesz si\u0119 przyt\u0142oczony/a czy zmartwiony/a, pami\u0119taj, \u017ce zawsze mo\u017cesz porozmawia\u0107 ze mn\u0105 lub z kim\u015b bliskim. Wa\u017cne jest, aby dba\u0107 o swoje emocje i pami\u0119ta\u0107 o w\u0142asnym samopoczuciu. Czy mog\u0119 pom\u00f3c Ci w jakikolwiek inny spos\u00f3b?"
  },
  {
    "czas": "2025-07-09 21:53",
    "uzytkownik": "ale ze jak?",
    "asystent": "Rozumiem, \u017ce czasem mo\u017ce by\u0107 trudno zrozumie\u0107 swoje emocje, ale wa\u017cne jest, aby\u015b pozwoli\u0142 sobie na odczuwanie i wyra\u017canie swoich uczu\u0107. Mo\u017ce spr\u00f3buj zastanowi\u0107 si\u0119, co konkretnie czujesz w danej chwili i dlaczego tak si\u0119 czujesz. Mo\u017ce pom\u00f3c tak\u017ce prowadzenie dziennika emocji, w kt\u00f3rym zapiszesz swoje odczucia i my\u015bli.\n\nPami\u0119taj, \u017ce dbanie o swoje emocje jest kluczowe dla dobrego samopoczucia. Znalezienie sposob\u00f3w na radzenie sobie ze stresem i negatywnymi emocjami mo\u017ce pom\u00f3c Ci lepiej funkcjonowa\u0107 na co dzie\u0144. Mo\u017cesz spr\u00f3bowa\u0107 technik relaksacyjnych, medytacji, czy te\u017c rozmowy z bliskimi lub specjalist\u0105.\n\nPami\u0119taj te\u017c o podstawowych potrzebach, takich jak sen, aktywno\u015b\u0107 fizyczna, zdrowe od\u017cywianie i odpoczynek. Dbaj\u0105c o siebie fizycznie, wspierasz r\u00f3wnie\u017c swoje emocje. Je\u015bli potrzebujesz dalszej pomocy, zawsze mo\u017cesz zwr\u00f3ci\u0107 si\u0119 do profesjonalisty, kt\u00f3ry pomo\u017ce Ci zrozumie\u0107 i radzi\u0107 sobie z emocjami. Jeste\u015bmy tutaj, aby Ci pom\u00f3c."
  },
  {
    "czas": "2025-07-09 21:54",
    "uzytkownik": "co si\u0119 dzieje kiedy\u015b by\u0142 taki fajny wyglada a teraz o co chodzi?\\",
    "asystent": "Witaj. Rozumiem, \u017ce czujesz si\u0119 zaniepokojony zmianami, jakie zauwa\u017cy\u0142e\u015b w swoim wygl\u0105dzie. Zmiany w wygl\u0105dzie cz\u0119sto mog\u0105 by\u0107 wynikiem wielu r\u00f3\u017cnych czynnik\u00f3w, takich jak zm\u0119czenie, stres, problemy zdrowotne, zmiany w diecie czy nawykach \u017cyciowych. Wa\u017cne jest, aby zastanowi\u0107 si\u0119, co mog\u0142o spowodowa\u0107 te zmiany i czy nie ma konieczno\u015bci zaj\u0105\u0107 si\u0119 nimi. Pami\u0119taj, \u017ce wa\u017cne jest dbanie o siebie zar\u00f3wno fizycznie, jak i emocjonalnie. Je\u015bli czujesz si\u0119 niepewnie, warto porozmawia\u0107 o swoich obawach z bliskimi osobami lub skonsultowa\u0107 si\u0119 z lekarzem. Pami\u0119taj, \u017ce wa\u017cne jest tak\u017ce zadbanie o swoje emocje i dobre samopoczucie, nie tylko o wygl\u0105d zewn\u0119trzny. Je\u015bli masz jakie\u015b pytania lub chcesz porozmawia\u0107 wi\u0119cej na ten temat, jestem tutaj, aby Ci pom\u00f3c."
  },
  {
    "czas": "2025-07-09 21:54",
    "uzytkownik": "i po co to wszystko",
    "asystent": "Rozumiem, \u017ce czasami \u017cycie mo\u017ce wydawa\u0107 si\u0119 trudne i bez sensu. Ale warto pami\u0119ta\u0107, \u017ce ka\u017cdy z nas ma prawo do do\u015bwiadczania r\u00f3\u017cnorodnych emocji i nie zawsze trzeba mie\u0107 na nie gotow\u0105 odpowied\u017a. Wa\u017cne jest jednak, aby zastanowi\u0107 si\u0119 nad tym, co mo\u017ce pom\u00f3c nam poczu\u0107 si\u0119 lepiej.\n\nCzasem warto skoncentrowa\u0107 si\u0119 na dbaniu o siebie i swoje emocje, by lepiej radzi\u0107 sobie z trudno\u015bciami. Mo\u017ce warto spr\u00f3bowa\u0107 znale\u017a\u0107 hobby, kt\u00f3re sprawia nam przyjemno\u015b\u0107, porozmawia\u0107 z blisk\u0105 osob\u0105 o naszych uczuciach, lub skorzysta\u0107 z pomocy terapeuty. Pami\u0119taj, \u017ce wa\u017cne jest zadbanie o swoje zdrowie psychiczne tak samo, jak o zdrowie fizyczne. Je\u015bli czujesz si\u0119 przyt\u0142oczony/a, warto zwr\u00f3ci\u0107 si\u0119 o wsparcie do os\u00f3b, kt\u00f3re mog\u0105 Ci pom\u00f3c. Jeste\u015bmy tutaj, aby Ci\u0119 wspiera\u0107."
  },
  {
    "czas": "2025-07-09 22:36",
    "uzytkownik": "a teraz jak dzia\u0142a skrolowanie",
    "asystent": "Skrolowanie to po prostu przewijanie zawarto\u015bci na ekranie w g\u00f3r\u0119 lub w d\u00f3\u0142, aby zobaczy\u0107 wi\u0119cej tre\u015bci. Mo\u017cesz to robi\u0107 za pomoc\u0105 k\u00f3\u0142ka myszy, gest\u00f3w na ekranie dotykowym lub strza\u0142ek na klawiaturze. To bardzo powszechne dzia\u0142anie podczas korzystania z komputera, tabletu czy smartfona. Czy mog\u0119 pom\u00f3c Ci w jakikolwiek spos\u00f3b zwi\u0105zany z tym?"
  },
  {
    "czas": "2025-07-09 22:44",
    "uzytkownik": "cz\u0119\u015b\u0107 jak si\u0119 dzi\u015b czujesz bo ja wy\u015bmienicie :)",
    "asystent": "Cze\u015b\u0107! Ciesz\u0119 si\u0119, \u017ce czujesz si\u0119 wy\u015bmienicie! A jak si\u0119 czujesz Ty dzisiaj? Je\u015bli chcesz podzieli\u0107 si\u0119 swoimi emocjami, jestem tutaj, aby wys\u0142ucha\u0107 i wesprze\u0107 Ci\u0119 w czymkolwiek. Pami\u0119taj, \u017ce wa\u017cne jest dbanie o swoje emocje i dobre samopoczucie. Czy mog\u0119 Ci w czym\u015b pom\u00f3c dzisiaj?"
  },
  {
    "czas": "2025-07-09 22:44",
    "uzytkownik": ":(",
    "asystent": "Rozumiem, \u017ce czujesz si\u0119 smutny. Czy chcesz podzieli\u0107 si\u0119 powodem, dla kt\u00f3rego si\u0119 tak czujesz? Pami\u0119taj, \u017ce wa\u017cne jest, aby da\u0107 sobie czas na prze\u017cycie swoich emocji i zaj\u0105\u0107 si\u0119 sob\u0105. Czy mog\u0119 jako\u015b pom\u00f3c? Mo\u017ce masz ochot\u0119 porozmawia\u0107 o tym, co Ci\u0119 smuci?"
  },
  {
    "czas": "2025-07-09 22:59",
    "uzytkownik": "cz\u0119\u015b\u0107 si\u0119 dzi\u015bs czuje cool :)",
    "asystent": "Ciesz\u0119 si\u0119, \u017ce czujesz si\u0119 cool dzisiaj! To wspania\u0142e, kiedy mo\u017cemy do\u015bwiadcza\u0107 pozytywnych emocji. Pami\u0119taj jednak, \u017ce wa\u017cne jest r\u00f3wnie\u017c zadbanie o siebie wtedy, gdy czujemy si\u0119 dobrze. Czy jest co\u015b, co chcesz podzieli\u0107 si\u0119 ze mn\u0105, aby utrzyma\u0107 t\u0119 pozytywn\u0105 energi\u0119? Mo\u017ce masz jakie\u015b plany na dzisiaj, kt\u00f3re sprawi\u0105, \u017ce poczujesz si\u0119 jeszcze lepiej?"
  },
  {
    "czas": "2025-07-09 23:22",
    "uzytkownik": ":)",
    "asystent": "Witaj! Ciesz\u0119 si\u0119, \u017ce si\u0119 u\u015bmiechasz! Jak si\u0119 dzisiaj czujesz? Czy mog\u0119 pom\u00f3c Ci z czym\u015b konkretnym? Jeste\u015b wa\u017cny/a, pami\u0119taj o dbaniu o swoje emocje i dobre samopoczucie. Je\u015bli masz jakiekolwiek pytania lub potrzebujesz wsparcia, jestem tutaj, aby Ci pom\u00f3c."
  },
  {
    "czas": "2025-07-09 23:23",
    "uzytkownik": "\ud83d\ude00\ud83d\ude22\ud83d\ude21takie tam",
    "asystent": "Witaj. Widz\u0119, \u017ce wymieni\u0142e\u015b trzy r\u00f3\u017cne emocje: rado\u015b\u0107 \ud83d\ude04, smutek \ud83d\ude22 i z\u0142o\u015b\u0107 \ud83d\ude21. To zupe\u0142nie naturalne, \u017ce do\u015bwiadczasz r\u00f3\u017cnorodnych uczu\u0107. Wa\u017cne jest, aby\u015b pozwoli\u0142 sobie na prze\u017cywanie tych emocji i zastanowi\u0142 si\u0119, co mo\u017ce je wywo\u0142ywa\u0107.\n\nJe\u015bli masz ochot\u0119, mo\u017cemy porozmawia\u0107 o tym, co Ci\u0119 nurtuje, co sprawia Ci rado\u015b\u0107, smutek lub z\u0142o\u015b\u0107. Pami\u0119taj, \u017ce wa\u017cne jest zadbanie o swoje zdrowie psychiczne i emocjonalne. Czasem warto rozmawia\u0107 z kim\u015b, kogo ufamy, lub skorzysta\u0107 z pomocy profesjonalisty, je\u015bli czujemy, \u017ce nie radzimy sobie sami. Dbanie o siebie jest wa\u017cne, wi\u0119c pami\u0119taj o tym. Czy mog\u0119 Ci w czym\u015b pom\u00f3c?"
  },
  {
    "czas": "2025-07-11 17:33",
    "uzytkownik": "\ud83d\ude00 jest dzia\u0142a, czy nie dzia\u0142a?",
    "asystent": "Witaj! Jak mog\u0119 Ci pom\u00f3c zrozumie\u0107, co si\u0119 dzieje? Czy chodzi Ci o co\u015b konkretnego, co sprawia Ci rado\u015b\u0107, czy mo\u017ce masz problem, z kt\u00f3rym chcia\u0142by\u015b si\u0119 podzieli\u0107? Ch\u0119tnie wys\u0142ucham i postaram si\u0119 pom\u00f3c. Pami\u0119taj, \u017ce wa\u017cne jest, aby zadba\u0107 o swoje emocje i w razie potrzeby szuka\u0107 wsparcia."
  },
  {
    "czas": "2025-07-11 17:34",
    "uzytkownik": ":)",
    "asystent": "Witaj! Ciesz\u0119 si\u0119, \u017ce si\u0119 u\u015bmiechasz. Jak si\u0119 dzisiaj czujesz? W czym mog\u0119 Ci dzisiaj pom\u00f3c? :)"
  }
]