[
  {
    "tytul": "mobbing w pracy ",
    "tresc": "strasznie mnie denerwują koledzy z pracy, za moimi plecami się podśmiewają ze mnie, co powinien zrobić, niechęć dodatkowych spiec z kolegami, i dlatego nie chce iść z tym do przełożonego",
    "kategoria": "Inne",
    "autor": "anna",
    "data": "2025-07-07 20:45",
    "odpowiedzi": [
      {
        "tresc": "luzik jutro tez jest dzień ",
        "autor": "nick",
        "data": "2025-07-08 19:18",
        "ukryj": false
      },
      {
        "tresc": "widzę ze się martwisz, wszystko się ułoży \r\n",
        "autor": "nick",
        "data": "2025-07-08 19:25",
        "ukryj": false
      },
      {
        "tresc": "ja bym się chyba powiesił \r\n",
        "autor": "nick",
        "data": "2025-07-08 19:55",
        "ukryj": false
      },
      {
        "tresc": "Mam myśli samobójcze, nie chcę żyć.\r\n",
        "autor": "anna",
        "data": "2025-07-08 20:17",
        "ukryj": true
      },
      {
        "tresc": "masakra jakaś\r\n",
        "autor": "anna",
        "data": "2025-07-08 20:58",
        "ukryj": false
      }
    ],
    "ocena_ai": "wsparcie"
  },
  {
    "tytul": "trudny poniedziałek",
    "tresc": "ciężko mi się zac zol poniedziałek, najpierw zaspałem, a spiesząc się do pracy doprowadziłem do kolizji. Nadmiar złego od szefa dostałem reprymendy za nieskończenie projektu w piątek. Jakaś masakra ",
    "kategoria": "Stres",
    "autor": "anna",
    "data": "2025-07-08 18:51",
    "odpowiedzi": [
      {
        "tresc": "ale miałeś straszny start tygodnia ja bym się chyba powiesił ",
        "autor": "nick",
        "data": "2025-07-08 19:38",
        "ukryj": false
      },
      {
        "tresc": "nie wiem co robić, coraz częściej mam myśli samobójcze",
        "autor": "anna",
        "data": "2025-07-08 19:57",
        "ukryj": false
      },
      {
        "tresc": "tez tak mam, juz mie się nie chce żyć ",
        "autor": "anna",
        "data": "2025-07-08 20:04",
        "ukryj": false
      },
      {
        "tresc": "Czasem myślę o samobójstwie...\r\n",
        "autor": "anna",
        "data": "2025-07-08 20:04",
        "ukryj": false
      }
    ],
    "ocena_ai": "wsparcie"
  }
]